Model,Accuracy,AUC Score,Precision,Recall,F1 Score,MCC Score,Average Score
Logistic Regression,0.8111111111111111,0.900611048759197,0.8282828282828283,0.8282828282828283,0.8282828282828283,0.6184062850729517,0.7828731762065095
Decision Tree,0.7666666666666667,0.7821424117720415,0.7878787878787878,0.7878787878787878,0.7878787878787878,0.5286195286195287,0.7317845117845119
KNN,0.8333333333333334,0.8997381219603442,0.8709677419354839,0.8181818181818182,0.84375,0.667045768100612,0.8066557323102496
Naive Bayes,0.8277777777777777,0.8824042898116973,0.8469387755102041,0.8383838383838383,0.8426395939086294,0.6525073729536726,0.8016494717068244
Random Forest,0.8388888888888889,0.922434218730515,0.8571428571428571,0.8484848484848485,0.8527918781725888,0.6749303067321493,0.8144477558842664
XGBoost,0.8444444444444444,0.9028557176705325,0.8380952380952381,0.8888888888888888,0.8627450980392157,0.6851923351550299,0.8238732009245634
